Filename,Gender,Age
Raw_0001_001_20050913115022_Portrait.png,1,1
Raw_0002_002_20050913094354_Portrait.png,1,1
Raw_0003_003_20050913094955_Portrait.png,0,0
Raw_0005_004_20050913101316_Portrait.png,1,1
Raw_0007_005_20050913093707_Portrait.png,0,1
Raw_0009_006_20050913122608_Portrait.png,0,1
Raw_0010_007_20050913094809_Portrait.png,0,1
Raw_0011_008_20050913123954_Portrait.png,0,1
Raw_0012_009_20050913095944_Portrait.png,0,1
Raw_0014_010_20050913093018_Portrait.png,1,0
Raw_0016_011_20050913100034_Portrait.png,0,0
Raw_0018_012_20050913095525_Portrait.png,0,1
Raw_0020_013_20050913093233_Portrait.png,0,0
Raw_0022_014_20050913114822_Portrait.png,0,1
Raw_0023_015_20050913101603_Portrait.png,0,1
Raw_0025_016_20050913094632_Portrait.png,0,0
Raw_0027_017_20050913100705_Portrait.png,0,1
Raw_0029_018_20050913100926_Portrait.png,0,1
Raw_0031_019_20050913101347_Portrait.png,0,1
Raw_0033_020_20050913110105_Portrait.png,0,0
Raw_0035_021_20050913093054_Portrait.png,0,1
Raw_0037_022_20050913100304_Portrait.png,0,0
Raw_0039_023_20050913110844_Portrait.png,1,0
Raw_0041_024_20050913101837_Portrait.png,0,1
Raw_0043_025_20050913092857_Portrait.png,1,0
Raw_0046_026_20050913094903_Portrait.png,1,1
Raw_0048_027_20050913095902_Portrait.png,0,0
Raw_0050_028_20050913093318_Portrait.png,0,2
Raw_0052_029_20050913112608_Portrait.png,0,1
Raw_0054_030_20050913110426_Portrait.png,1,1
Raw_0056_031_20050913101246_Portrait.png,1,0
Raw_0058_032_20050913110331_Portrait.png,0,1
Raw_0060_033_20050913101513_Portrait.png,0,0
Raw_0062_034_20050913100121_Portrait.png,0,1
Raw_0064_035_20050913095124_Portrait.png,0,1
Raw_0065_036_20050913113608_Portrait.png,0,1
Raw_0067_037_20050913093148_Portrait.png,1,1
Raw_0069_038_20050913094556_Portrait.png,1,1
Raw_0071_039_20050913095437_Portrait.png,0,0
Raw_0073_040_20050913100532_Portrait.png,0,0
Raw_0075_041_20050913115208_Portrait.png,0,0
Raw_0077_042_20050913100215_Portrait.png,0,1
Raw_0079_043_20050913101657_Portrait.png,0,1
Raw_0081_044_20050913113446_Portrait.png,1,0
Raw_0083_045_20050913125012_Portrait.png,0,0
Raw_0085_046_20050913093445_Portrait.png,0,2
Raw_0087_047_20050913113246_Portrait.png,1,1
Raw_0089_048_20050913114650_Portrait.png,0,0
Raw_0091_049_20050913092816_Portrait.png,0,1
Raw_0093_050_20050913110234_Portrait.png,0,1
Raw_0095_051_20050913112707_Portrait.png,0,2
Raw_0097_052_20050913102108_Portrait.png,1,1
Raw_0099_053_20050913095352_Portrait.png,0,1
Raw_0101_054_20050913102146_Portrait.png,0,1
Raw_0103_090_20050913120649_Portrait.png,0,1
Raw_0104_055_20050913094220_Portrait.png,1,1
Raw_0106_056_20050913113127_Portrait.png,0,1
Raw_0108_057_20050913110957_Portrait.png,0,1
Raw_0110_058_20050913095729_Portrait.png,0,1
Raw_0112_059_20050913101751_Portrait.png,0,0
Raw_0114_060_20050913100616_Portrait.png,1,0
Raw_0116_061_20050913105102_Portrait.png,0,1
Raw_0118_062_20050913093403_Portrait.png,0,1
Raw_0120_063_20050913095040_Portrait.png,0,2
Raw_0122_064_20050913112855_Portrait.png,0,1
Raw_0124_065_20050913110642_Portrait.png,0,1
Raw_0126_066_20050913094431_Portrait.png,1,1
Raw_0128_067_20050913095212_Portrait.png,0,1
Raw_0130_068_20050913113919_Portrait.png,1,1
Raw_0132_069_20050913120153_Portrait.png,0,1
Raw_0133_070_20050913093938_Portrait.png,0,1
Raw_0135_071_20050913101108_Portrait.png,0,2
Raw_0137_072_20050913111940_Portrait.png,0,1
Raw_0139_073_20050913102023_Portrait.png,1,1
Raw_0141_074_20050913112952_Portrait.png,1,1
Raw_0144_075_20050913094302_Portrait.png,0,2
Raw_0146_076_20050913120320_Portrait.png,0,0
Raw_0147_077_20050913100443_Portrait.png,0,1
Raw_0149_078_20050913112341_Portrait.png,0,2
Raw_0151_079_20050913093540_Portrait.png,1,1
Raw_0153_080_20050913101156_Portrait.png,0,2
Raw_0155_081_20050913101022_Portrait.png,0,0
Raw_0157_082_20050913093804_Portrait.png,0,1
Raw_0159_083_20050913095819_Portrait.png,0,0
Raw_0161_084_20050913093615_Portrait.png,0,1
Raw_0163_085_20050913121259_Portrait.png,0,1
Raw_0164_086_20050913094030_Portrait.png,0,0
Raw_0166_087_20050913114905_Portrait.png,1,1
Raw_0167_088_20050913120358_Portrait.png,0,2
Raw_0169_089_20050913114616_Portrait.png,0,1
Raw_0173_091_20050913111053_Portrait.png,1,1
Raw_0175_092_20050913100355_Portrait.png,1,1
Raw_0177_093_20050913110014_Portrait.png,1,1
Raw_0179_094_20050913095613_Portrait.png,1,1
Raw_0181_095_20050912204422_Portrait.png,0,0
Raw_0246_096_20050912173029_Portrait.png,1,0
Raw_0333_097_20050912173728_Portrait.png,0,1
Raw_0356_098_20050913172749_Portrait.png,1,0
Raw_0358_099_20050912175103_Portrait.png,0,0
Raw_0385_100_20050912175151_Portrait.png,1,0
Raw_0471_101_20050912225308_Portrait.png,1,0
Raw_0538_102_20050913185253_Portrait.png,0,0
Raw_0539_103_20050912173229_Portrait.png,0,1
Raw_0584_104_20050912173428_Portrait.png,0,0
Raw_0645_108_20050912204750_Portrait.png,0,0
Raw_0647_107_20050913155224_Portrait.png,0,0
Raw_0695_109_20050912174416_Portrait.png,0,0
Raw_0768_110_20050912173601_Portrait.png,0,0
Raw_0853_111_20050913155042_Portrait.png,1,0
Raw_0880_112_20050913155156_Portrait.png,0,0
Raw_0907_113_20050912172937_Portrait.png,0,1
Raw_0939_114_20050912231742_Portrait.png,1,0
Raw_0985_115_20050912172818_Portrait.png,0,0
Raw_1074_116_20050912184026_Portrait.png,0,0
Raw_1147_117_20050913192322_Portrait.png,0,0
Raw_1149_118_20050912204835_Portrait.png,0,1
